ERPMaterialID,Language,ProductDesription
000000000007032573,EN,A23BS1 SB1 A1 MN CN 480P21120
000000000007319467,EN,A27BS1 SB2A1MNCN480P23040
000000000007320497,EN,BE-BFL3AA1NAMXD CN48
E0024401,EN,E250Y.1 - 2D Industrial Flashlight
E0024401,FR,E250Y LAMPE DE POCHE ENERGIZER
E0060602,EN,E92FP-12.BW - ENR MAX AAA-12 FAM PK
E0060902,EN,E91FP-12.BW - ENR MAX AA-12 FAMILY PACK
E0072207,EN,L91VP.B3 - ULTIMATE LITH AA OEM VOL
E0072207,FR,L91VP LITHIUM ENERGIZER AA
E0082802,EN,ECR2032.BC - ENERGIZER WATCH BATTERY
E0113214,EN,E91BP-4.BW - MAX AA-4
E0113214,FR,E91BP4EM ENERGIZER AA4
E0113215,EN,E91BP-4.BL - AA-4 LATAM
E0113222,EN,E91BP-4.PE - MAX AA-4 EMOD
E0113222,FR,E91BP4EM ENERGIZER AA4
E0113225,EN,E91BP-4.TT - MAX AA-4
E0113225,FR,E91BP4EM ENERGIZER AA4
E0113600,EN,E93BP-2 - PRICING REFERENCE
E0113610,EN,E93BP-2.01 - MAX C2 AMERICAS
E0113900,EN,E95BP-2 - PRICING REFERENCE
E0116300,EN,1209 - PRICING REFERENCE
E0116300,FR,1209 PILE LANTERNE EVEREADY SHD 6V
E0116301,EN,1209.H3 EVEREADY SHD 6V LTN BTY
E0116301,FR,1209 PILE LANTERNE EVEREADY SHD 6V
E0134600,EN,1259 - PRICING REFERENCE
E0134600,FR,1259 LAMPE EVEREADY
E0136100,EN,522BP - PRICING REFERENCE
E0136104,EN,522BP.BW - ENR MAX 9V-1
E0136105,EN,522BP.PB - ENR MAX 9V-1 NON BUNNY
E0140007,EN,E92BP-2.BL - AAA/2 FOR LATAM
E0140010,EN,E92BP-2.PW - ENR MAX AAA-2 CARD
E0154609,EN,E91BP-2.PW - ENERGIZER MAX AA 2 PK
E0154611,EN,E91BP-2.PC - ENR MAX AA-2 CARD
E0162600,EN,CHFMWB-4.00 - PRICING REFERENCE
E0162600,FR,CHFMWB4 NIMH CHARGEUR FACILE
E0167804,EN,PRNL43AE.2 - PRINCESS 2IN1 LED FLASHLT
E0168700,EN,EN92 - PRICING REFERENCE
E0168700,FR,EN92 ENERGIZER INDUSTRIAL AAA
E0168702,EN,EN92.BW - INDUSTRIAL AAA
E0168702,FR,EN92 ENERGIZER INDUSTRIAL AAA
E0170803,EN,PRN1AAE.PE - 1AA PRINCESS KEYCHAIN LT
E0178602,EN,A91BP-16H.E5 - EVEREADY GOLD AA-16
E0181906,EN,E91BP-24.02 - POWER SEAL INSERT
E0185405,EN,TUF2AAPE.3 - HARD CASE PRO 2AA LED FLT
E0191200,EN,EN22 - PRICING REFERENCE
E0191200,FR,EN22 ENERGIZER INDUSTRIAL 9V
E01912E0,EN,EN22 - 9V INDUSTRIAL PACK
E01912E0,FR,EN22 ENERGIZER INDUSTRIAL 9V
E0191900,EN,EN91 - PRICING REFERENCE
E0191900,FR,EN91 ENERGIZER INDUSTRIAL AA
E0221411,EN,FL452WRH.5 - Weatheready 4D Folding Ltn
E0222110,EN,HDL33AINE.5 - 6LED HEADLIGHT
E0222110,FR,HDL33AINE 6 LED PHARE
E0234607,EN,RCL1NM2WR.4 - WTHR RDY COMPACT RECH LT
E0234607,FR,RCL1NM2WR ENERGIZER LUM RECHARGE DE LED
E0234610,EN,RCL1NM2WR.5 - WR LED COMP RECHARG LT
E0234610,FR,RCL1NM2WR ENERGIZER LUM RECHARGE DE LED
E0249310,EN,RCL1NM2WH.6 - LED Compact Recharg Lt
E0249311,EN,RCL1NM2WH.H7 - LED Compact Recharg Lt
E0258200,EN,A76BP - PRICING REFERENCE
E0258402,EN,2L76BP.BS - ENR LITH PHOTO BTY 7034663
E0258402,FR,2L76BP PILE PHOTO ENERGIZER LITHIUM
E0263409,EN,CHVCWB2.BC - BASIC CHARGER 2AA
E0263409,FR,CHVCWB2 NIMH CHARGEUR DE VALEUR
E0264307,EN,A91BP-8.AI - EVEREADY GOLD AA-8
E0264504,EN,A92BP-8.E5 - EVEREADY GOLD AAA-8 PK
E0264603,EN,A522BP-2.E5 - EVEREADY GOLD 9V 2 PK
E0277003,EN,TUF4CPE.2 - HARD CASE PRO 4C SPOT LT
E0279400,EN,X91RP-2PA - PRICING REFERENCE
E0279500,EN,X91RP-4PA - PRICING REFERENCE
E0288500,EN,A95BP-2 - PRICING REFERENCE
E0297504,EN,ECR2430BP.B3 - ENERGIZER WATCH BATTERY
E0297504,FR,ECR2430BP PILE MINIATURE 3V LITHIUM
E0328011,EN,2032BP-2N.C1 - 2032 BATTERY NARROW
E0328011,FR,2032BP2N ENERGIZER BATTERIE MINIATURE
E0328310,EN,2025BP-2N.C1 - 2025 BATTERY NARROW
E0328310,FR,2025BP2N ENERGIZER BATTERIE MINIATURE
E0328408,EN,2016BP-2N.S1 - 2016 BATTERY NARROW
E0328408,FR,2016BP2N ENERGIZER BATTERIE MINIATURE
E0397705,EN,E95BP-4.B1 - MAX D-4
E0454600,EN,E96BP-2.00 PRICING REFERENCE
E0454600,FR,E96BP2 ENERGIZER AAAA-2
E0454603,EN,E96BP-2.GP - REDUCED CARD SOURCED CELLS
E0454603,FR,E96BP2 ENERGIZER AAAA-2
E0497301,EN,1222BP.P4 - EVEREADY 9V PAN AM
E0513400,EN,CHCCWB-4.00 -  PRICING REFERENCE
E0513400,FR,CHCCWB4 ENERGIZER NIMH CHARGEUR SIMPLE
E05285A0,EN,1250T12PA - CZ TRAY PK D-12
E05286A0,EN,1250BP2PA - CZ BLISTER D-2
E0529001,EN,1215BP4PA.P4 - CZ BP AA-4
E05685ZZ,EN,A91BP4PAG - EV GOLD BLISTER AA-4
E05759ZZ,EN,A91BP2PAG - EV GOLD BLISTER AA-2
E0590701,EN,1212SW-4.01 EVR SHD AAA-4 SHRINKWRAP
E0590701,FR,1212SW401 EVEREADY SHD AAA4 SHRINK WRAP
E0599704,EN,WRCKCCBP.3 WTHR RDY CARIBINEAR CRANK
E0621301,EN,A95BP-2.E5 - EVE GOLD D-2 PK
E0622001,EN,A93BP-2.K2 - EVEREADY GOLD C2 EXPORT
E0622503,EN,E95BP-2.01 - MAX D2 AMERICAS CARD
E0647006,EN,E91BPF-6.02 - POWERSEAL INSERT
E0647309,EN,E92BPF-6.03 - ENR MAX FLAT 6 POWER SEAL
E0766310,EN,529.BW - ENR 6V LANTERN
E0766310,FR,529 ENERGIZER 6VSQ
E0791700,EN,L91BP-2 - PRICING REFERENCE
E0791700,FR,L91BP2 ENERGIZER LITHIUM AA-2
E0791715,EN,L91BP-2.9U - ENER ULT LITH AA-2
E0791715,FR,L91BP2 ENERGIZER LITHIUM AA-2
E0791819,EN,L91BP-4.9U - ENER LITH ULT AA-4
E0791819,FR,L91BP4 PILE AU LITHIUM AA4
E0791825,EN,ENR ULT L91BP-4.S2 - LITH AA-HOLDS PWR
E0793000,EN,L92BP-2 - PRICING REFERENCE
E0793000,FR,L92BP2 ENERGIZER E2 LITHIUM AAA2
E0793011,EN,L92BP-2.PB ENERGIZER ADV LITH AAA-2 PAN
E0793011,FR,L92BP2 ENERGIZER E2 LITHIUM AAA2
E0801016,EN,NH15BP-4.F1 - NIMH AA-4 2300 MAH
E0801016,FR,NH15BP4 PILE AA NIMH
E0801100,EN,NH15BP-2 - PRICING REFERENCE
E0801100,FR,NH15BP2 PILE AA NIMH
E0801109,EN,NH15BP-2.F1 - NIMH AA-2 2300 MAH
E0801109,FR,NH15BP2 PILE AA NIMH
E0818100,EN,A23BP-2 - PRICING REFERENCE
E0818100,FR,A23BP2 ENERGIZER BATTERIE DE PHOTO
E0822203,EN,ECR2016BP.BW - ENERGIZER 3V WATCH BTY
E0822302,EN,ECR2025BP.BW - ENERGIZER WATCH BATTERY
E0886303,EN,ECR2032BP.BW - ENERGIZER WATCH BATTERY
E0886303,FR,ECR2032BP PILE DE MONTRE ENERGIZER
E0908100,EN,A522BP - PRICING REFERENCE
E0908106,EN,A522BP.E6 - EVEREADY GOLD 9V-1
E0908307,EN,A91BP-4.K2 - EVE GOLD AA-4 EXPORT
E0908505,EN,A92BP-4.K2 - EVEREADY GOLD AAA-4 EXPORT
E0912301,EN,1015SW4.P2 - EVR GP SW-4
E0912501,EN,1035BP2.SS EVEREADY GP C-2
E09128ZZ,EN,1050BP2 - EVEREADY GP D-2
E09129ZZ,EN,1050SW2 - EVEREADY GP SW D-2
E0915901,EN,1015BP4.P2 - EVR GP AA-4
E0917100,EN,NH12BP-2 - PRICING REFERENCE
E0917100,FR,NH12BP2 PILE AAA NIMH
E0917105,EN,NH12BP-2.F1 - AAA-2 RECHARGEABLE
E0917105,FR,NH12BP2 PILE AAA NIMH
E0920106,EN,EL123APBP.B1 - 3V LITHIUM 1PK
E0920106,FR,EL123APBP ENERGIZER 3VOLT LITHIUM
E0990910,EN,E92BP-4.BW - ENR MAX AAA-4
E0990910,FR,E92BP4EM ENERGIZER AAA4
E0990912,EN,E92BP-4.BL - AAA/4 FOR LATAM
E0990918,EN,E92BP-4.PW - ENR MAX AAA-4
E0990918,FR,E92BP4EM ENERGIZER AAA4
E1073201,EN,3151LS.1 - EVER 1D LED ECON LT
E1079722,EN,E91MP-8.E3 - ENERGIZER MAX AA-8
E1080501,EN,E92MP-8.01 - ENERGIZER MAX AAA-8
E1080511,EN,E92MP-8.02 - ENERGIZER MAX AAA-8
E1109002,EN,A76BPZ.GZ - ZERO MERCURY
E1125101,EN,WRWP21E.1 - WEATHERRDY 2AA WTHRPRF LT
E1127502,EN,AZ10DPA-8.02 - HEARING AID DIAL PK
E1127602,EN,AZ13DPA-8.02 - HEARING AID DIAL PK
E1127702,EN,AZ312DPA8.02 - HEARING AID DIAL PK
E1127801,EN,AZ675DPA4.01- HEARING AID DIAL PK AP
E1134201,EN,EVVL21S.1 - EVEREADY 2AA LED V-SERIES FL
E1139501,EN,AZ13DPA4. 01 - HEARING AID DIAL PK LATAM
E1140401,EN,L91BP-2.PF - ULT LI FACE SEAL LATAM
E1140401,FR,L91BP2 ENERGIZER LITHIUM AA-2
E1140601,EN,L92BP-2.PF - ULT LI AAA FACE SEAL DENSE
E1140601,FR,L92BP2 ENERGIZER E2 LITHIUM AAA2
E1166801,EN,1212BP-2.CA -SHD AAA2 CNTRL AM ONLY
E1170401,EN,1212T12.CA- CZ AAAPK CENTRAL AM ONLY
E300097100,EN,VS-CHCC-SK-S2WD
E300098300,EN,EVR RCLARP 1 R FS AP RECHARGE EU PLUG