,,,null
Energizer Batteries,Energizer Batteries,,,Product Segment
Energizer Batteries-Energizer Max,Energizer Max,Energizer Batteries,Energizer Batteries,Brand
Energizer Batteries-Eveready Gold,Eveready Gold,Energizer Batteries,Energizer Batteries,Brand
Energizer Batteries-Eveready Silver,Eveready Silver,Energizer Batteries,Energizer Batteries,Brand
Energizer Batteries-Extra Duration/Super Heavy Duty,Extra Duration/Super Heavy Duty,Energizer Batteries,Energizer Batteries,Brand
Energizer Batteries-General Purpose,General Purpose,Energizer Batteries,Energizer Batteries,Brand
Energizer Batteries-Heavy Duty,Heavy Duty,Energizer Batteries,Energizer Batteries,Brand
Eveready Batteries,Eveready Batteries,,,Product Segment
Eveready Batteries-Energizer Max,Energizer Max,Eveready Batteries,Eveready Batteries,Brand
Eveready Batteries-Eveready Gold,Eveready Gold,Eveready Batteries,Eveready Batteries,Brand
Eveready Batteries-Eveready Silver,Eveready Silver,Eveready Batteries,Eveready Batteries,Brand
Eveready Batteries-Extra Duration/Super Heavy Duty,Extra Duration/Super Heavy Duty,Eveready Batteries,Eveready Batteries,Brand
Eveready Batteries-General Purpose,General Purpose,Eveready Batteries,Eveready Batteries,Brand
Eveready Batteries-Heavy Duty,Heavy Duty,Eveready Batteries,Eveready Batteries,Brand
Lighting Products,Lighting Products,,,Product Segment
Lighting Products-Advanced Lithium,Advanced Lithium,Lighting Products,Lighting Products,Brand
Lighting Products-Area Lights,Area Lights,Lighting Products,Lighting Products,Brand
Lighting Products-Batteries,Batteries,Lighting Products,Lighting Products,Brand
Lighting Products-Eco Advanced,Eco Advanced,Lighting Products,Lighting Products,Brand
Lighting Products-Energizer Max,Energizer Max,Lighting Products,Lighting Products,Brand
Lighting Products-Eveready Gold,Eveready Gold,Lighting Products,Lighting Products,Brand
Lighting Products-Eveready Silver,Eveready Silver,Lighting Products,Lighting Products,Brand
Lighting Products-Extra Duration/Super Heavy Duty,Extra Duration/Super Heavy Duty,Lighting Products,Lighting Products,Brand
Lighting Products-General Purpose,General Purpose,Lighting Products,Lighting Products,Brand
Lighting Products-Handheld Lights,Handheld Lights,Lighting Products,Lighting Products,Brand
Lighting Products-Handsfree Lights,Handsfree Lights,Lighting Products,Lighting Products,Brand
Lighting Products-Hearing Aid Batteries,Hearing Aid Batteries,Lighting Products,Lighting Products,Brand
Lighting Products-Heavy Duty,Heavy Duty,Lighting Products,Lighting Products,Brand
Lighting Products-Kids Lights,Kids Lights,Lighting Products,Lighting Products,Brand
Lighting Products-Nightlights,Nightlights,Lighting Products,Lighting Products,Brand
Lighting Products-Spot Lights,Spot Lights,Lighting Products,Lighting Products,Brand
Lighting Products-Ultimate Lithium,Ultimate Lithium,Lighting Products,Lighting Products,Brand
Lighting Products-Watch Batteries,Watch Batteries,Lighting Products,Lighting Products,Brand
Rechargeable,Rechargeable,,,Product Segment
Rechargeable-Advanced Lithium,Advanced Lithium,Rechargeable,Rechargeable,Brand
Rechargeable-Chargers,Chargers,Rechargeable,Rechargeable,Brand
Rechargeable-Energizer Max,Energizer Max,Rechargeable,Rechargeable,Brand
Rechargeable-Eveready Gold,Eveready Gold,Rechargeable,Rechargeable,Brand
Rechargeable-Eveready Silver,Eveready Silver,Rechargeable,Rechargeable,Brand
Rechargeable-Extra Duration/Super Heavy Duty,Extra Duration/Super Heavy Duty,Rechargeable,Rechargeable,Brand
Rechargeable-General Purpose,General Purpose,Rechargeable,Rechargeable,Brand
Rechargeable-Heavy Duty,Heavy Duty,Rechargeable,Rechargeable,Brand
Rechargeable-Ultimate Lithium,Ultimate Lithium,Rechargeable,Rechargeable,Brand
Specialty Batteries,Specialty Batteries,,,Product Segment
Specialty Batteries-Advanced Lithium,Advanced Lithium,Specialty Batteries,Specialty Batteries,Brand
Specialty Batteries-Eco Advanced,Eco Advanced,Specialty Batteries,Specialty Batteries,Brand
Specialty Batteries-Electronic Batteries,Electronic Batteries,Specialty Batteries,Specialty Batteries,Brand
Specialty Batteries-Energizer Max,Energizer Max,Specialty Batteries,Specialty Batteries,Brand
Specialty Batteries-Eveready Gold,Eveready Gold,Specialty Batteries,Specialty Batteries,Brand
Specialty Batteries-Eveready Silver,Eveready Silver,Specialty Batteries,Specialty Batteries,Brand
Specialty Batteries-Extra Duration/Super Heavy Duty,Extra Duration/Super Heavy Duty,Specialty Batteries,Specialty Batteries,Brand
Specialty Batteries-General Purpose,General Purpose,Specialty Batteries,Specialty Batteries,Brand
Specialty Batteries-Heavy Duty,Heavy Duty,Specialty Batteries,Specialty Batteries,Brand
Specialty Batteries-Photo Batteries,Photo Batteries,Specialty Batteries,Specialty Batteries,Brand
Specialty Batteries-Ultimate Lithium,Ultimate Lithium,Specialty Batteries,Specialty Batteries,Brand
